,PLR,PLR_NAME,PLZ
0,1011105,Nördlicher Landwehrkanal,"['10117', '10785', '10963']"
1,1011201,Wilhelmstraße,"['10117', '10785', '10963', '10969']"
2,1011202,Unter den Linden Nord,"['10117', '10178', '10557', '10785']"
3,1011203,Unter den Linden Süd,"['10117', '10178']"
4,1011204,Leipziger Straße,"['10117', '10178', '10179', '10969']"
5,1011301,Charitéviertel,"['10115', '10117', '10557', '13353']"
6,1011302,Oranienburger Straße,"['10115', '10117', '10119', '10178', '10179']"
7,1011303,Alexanderplatzviertel,"['10119', '10178', '10179', '10249', '10405']"
8,1011304,Karl-Marx-Allee,"['10178', '10179', '10243', '10249']"
9,1011305,Heine-Viertel West,"['10117', '10178', '10179', '10969']"
10,1011306,Heine-Viertel Ost,"['10179', '10243', '10969', '10997', '10999']"
11,1011101,Stülerstraße,"['10785', '10787']"
12,1011102,Großer Tiergarten,"['10117', '10557', '10623', '10785', '10787']"
13,1011103,Lützowstraße,"['10783', '10785', '10787']"
14,1011104,Körnerstraße,"['10783', '10785']"
15,1022203,Lübecker Straße,"['10551', '10559']"
16,1022204,Thomasiusstraße,"['10555', '10557', '10559']"
17,1022205,Zillesiedlung,"['10557', '10559']"
18,1022206,Lüneburger Straße,"['10117', '10557', '10559']"
19,1022207,Hansaviertel,"['10555', '10557', '10587', '10623', '10787']"
20,1033101,Soldiner Straße,"['10439', '13187', '13359', '13409']"
21,1033102,Gesundbrunnen,"['10439', '13357', '13359']"
22,1033201,Brunnenstraße,"['10115', '10435', '10437', '13355', '13357']"
23,1033202,Humboldthain Süd,"['10115', '13355', '13357']"
24,1033203,Humboldthain Nordwest,"['10115', '10557', '13347', '13353', '13355', '13357']"
25,1044101,Rehberge,"['13347', '13349', '13351', '13353', '13405', '13627']"
26,1044102,Schillerpark,"['13347', '13349', '13359', '13405', '13407', '13409']"
27,1044103,Westliche Müllerstraße,"['13347', '13353']"
28,1044201,Reinickendorfer Straße,"['13347', '13353', '13357', '13359']"
29,1044202,Sparrplatz,"['13347', '13353']"
30,1011401,Invalidenstraße,"['10115', '10119', '13347', '13355']"
31,1011402,Arkonaplatz,"['10115', '10119', '10435']"
32,1044203,Leopoldplatz,"['13347', '13349', '13353', '13359']"
33,2010101,Askanischer Platz,"['10963', '10969']"
34,1022101,Huttenkiez,"['10553', '10555', '10587', '10589']"
35,1022102,Beusselkiez,"['10551', '10553', '10555']"
36,1022103,Westhafen,"['10551', '10553', '10559', '10589', '13351', '13353', '13627']"
37,1022104,Emdener Straße,"['10551', '10553', '10555', '10559']"
38,1022105,Zwinglistraße,"['10551', '10553', '10555']"
39,1022106,Elberfelder Straße,"['10551', '10553', '10555', '10559', '10587']"
40,1022201,Stephankiez,"['10551', '10557', '10559']"
41,1022202,Heidestraße,"['10115', '10557', '10559', '13353']"
42,2020201,Gleisdreieck/Entwicklungsgebiet,"['10783', '10785', '10963', '10965']"
43,2020202,Rathaus Yorckstraße,"['10961', '10963', '10965']"
44,2020203,Viktoriapark,"['10961', '10963', '10965', '12101']"
45,2030402,Wrangelkiez,"['10245', '10997', '12435']"
46,2040501,Barnimkiez,"['10178', '10243', '10249', '10407']"
47,2040502,Friedenstraße,"['10178', '10243', '10249']"
48,2040503,Richard-Sorge-Viertel,"['10243', '10247', '10249', '10407']"
49,2010102,Mehringplatz,"['10963', '10969']"
50,2010103,Moritzplatz,"['10969', '10999']"
51,2010104,Wassertorplatz,"['10969', '10999']"
52,2020204,Urbanstraße,"['10961', '10963', '10967', '10969']"
53,2020205,Chamissokiez,"['10961', '10965']"
54,2020206,Graefekiez,"['10961', '10965', '10967', '10969', '10999', '12047', '12049']"
55,2030301,Oranienplatz,"['10179', '10969', '10997', '10999']"
56,2030302,Lausitzer Platz,"['10243', '10245', '10997', '10999']"
57,2030401,Reichenberger Straße,"['10967', '10997', '10999', '12045', '12047', '12059', '12435']"
58,2040701,Andreasviertel,"['10179', '10243']"
59,2040702,Weberwiese,"['10243', '10245']"
60,2050804,Stralauer Halbinsel,"['10245', '10317', '12435']"
61,3020210,Herthaplatz,"['13127', '13156', '13158', '13159']"
62,3030406,Alt-Karow,"['13051', '13125', '13129']"
63,3030711,Blankenburg,"['13051', '13088', '13089', '13125', '13127', '13129', '13189']"
64,3030715,Heinersdorf,"['13086', '13088', '13089', '13129', '13189']"
65,3030716,Märchenland,"['13051', '13086', '13088', '13089', '13125', '13129']"
66,3030405,Karow Nord,['13125']
67,3040508,Rosenthal,"['13158', '13159', '13439']"
68,3040512,Wilhelmsruh,"['13156', '13158', '13407', '13437']"
69,3040513,Schönholz,"['13156', '13158', '13187', '13359', '13407', '13409']"
70,3040614,Pankow Zentrum,"['10439', '13127', '13129', '13156', '13187', '13189', '13359']"
71,3040818,Pankow Süd,"['10409', '10439', '13086', '13089', '13127', '13187', '13189']"
72,3050919,Gustav-Adolf-Straße,"['13086', '13088', '13089']"
73,3050920,Weißer See,"['13086', '13088']"
74,3050923,Weißenseer Spitze,"['10409', '13086', '13189']"
75,3050924,Behaimstraße,"['10409', '13086', '13088']"
76,3050925,Komponistenviertel Weißensee,"['10369', '10407', '10409', '13053', '13088']"
77,3051017,Rennbahnstraße,"['13051', '13053', '13086', '13088']"
78,3051021,Buschallee,['13088']
79,3051022,Hansastraße,"['13053', '13088']"
80,3061126,Arnimplatz,"['10437', '10439', '13187', '13189', '13357', '13359']"
81,3061131,Falkplatz,"['10435', '10437', '10439', '13355', '13357']"
82,3061227,Humannplatz,"['10405', '10409', '10437', '10439']"
83,3061228,Erich-Weinert-Straße,"['10405', '10409', '10439', '13086']"
84,3061332,Helmholtzplatz,"['10405', '10435', '10437', '10439']"
85,3061429,Greifswalder Straße,"['10405', '10407', '10409', '13088']"
86,2040703,Wriezener Bahnhof/Entwicklungsgebiet,"['10179', '10243', '10245', '10997']"
87,2050601,Hausburgviertel,"['10247', '10249']"
88,2050602,Samariterviertel,"['10243', '10247', '10249', '10365', '10367']"
89,2050803,Stralauer Kiez,"['10245', '10317', '10997', '12435']"
90,3010101,Bucher Forst,"['13125', '13127']"
91,3010102,Buch,['13125']
92,3010104,Lietzengraben,"['13125', '13127', '13129', '13159']"
93,3020209,Niederschönhausen,"['13156', '13158', '13187']"
94,3020307,Buchholz,"['13127', '13129', '13158', '13159']"
95,2050801,Traveplatz,"['10243', '10245', '10247', '10317', '10365']"
96,2050802,Boxhagener Platz,"['10243', '10245']"
97,3061441,Eldenaer Straße,"['10247', '10249', '10407']"
98,3071536,Teutoburger Platz,"['10119', '10405', '10435', '10437']"
99,3071537,Kollwitzplatz,"['10119', '10178', '10405', '10435']"
100,3071633,Thälmannpark,"['10405', '10437']"
101,4020207,Flatowallee,"['14052', '14053', '14055']"
102,4020208,Kranzallee,"['13595', '14052', '14055', '14193']"
103,4020209,Eichkamp,"['14052', '14055']"
104,4020310,Park Ruhwald,"['13597', '13627', '13629', '14050', '14052', '14059']"
105,4020311,Reichsstraße,"['14050', '14052', '14055', '14057']"
106,4020312,Branitzer Platz,"['14050', '14052']"
107,4020313,Königin-Elisabeth-Straße,"['14050', '14055', '14057', '14059']"
108,4020314,Messegelände,"['10711', '14052', '14055', '14057']"
109,3061430,Volkspark Prenzlauer Berg,"['10369', '10407']"
110,3061434,Anton-Saefkow-Park,"['10405', '10407', '10409']"
111,3061435,Conrad-Blenkle-Straße,"['10249', '10369', '10407']"
112,3071638,Winsstraße,"['10178', '10249', '10405', '10407']"
113,3071639,Bötzowstraße,"['10249', '10405', '10407']"
114,4010101,Jungfernheide,"['10589', '13627', '13629', '14059']"
115,4010102,Plötzensee,"['10553', '13351', '13353', '13627', '13629']"
116,4020204,Olympiagelände,"['13597', '14052', '14053', '14055']"
117,4020205,Siedlung Ruhleben,"['13597', '14052', '14053']"
118,4010103,Paul-Hertz-Siedlung,"['10553', '13627']"
119,4020206,Angerburger Allee,"['13595', '14055']"
120,4030415,Schloßgarten,"['10585', '10587', '10589', '13627', '14059']"
121,4030416,Klausenerplatz,['14059']
122,4030417,Schloßstraße,"['10585', '10587', '10627', '14057', '14059']"
123,4030725,Amtsgerichtsplatz,"['10627', '10711', '14057']"
124,4030726,Droysenstraße,"['10627', '10629', '10707', '10709', '10711']"
125,4030827,Karl-August-Platz,"['10625', '10627', '10629']"
126,4030828,Savignyplatz,"['10623', '10625', '10629']"
127,4030929,Hindemithplatz,"['10625', '10627', '10629', '10707']"
128,4030930,George-Grosz-Platz,"['10623', '10629', '10707', '10719']"
129,4030931,Breitscheidplatz,"['10623', '10719', '10787', '10789']"
130,4031032,Halensee,"['10629', '10707', '10709', '10711', '14055', '14193']"
131,4041134,Bismarckallee,"['10711', '14055', '14193']"
132,4041135,Hundekehle,"['14055', '14193', '14195', '14199']"
133,4041137,Flinsberger Platz,"['10709', '10711', '10713', '14193', '14199']"
134,4041133,Güterbahnhof Grunewald,"['10711', '14055', '14193']"
135,4041136,Hagenplatz,"['14193', '14199']"
136,4041238,Kissinger Straße,['14199']
137,4041239,Stadion Wilmersdorf,"['10713', '14197', '14199']"
138,4041240,Messelpark,"['14195', '14199']"
139,4041241,Breite Straße,"['14195', '14197', '14199']"
140,4041342,Schlangenbader Straße,"['14195', '14197', '14199']"
141,4041343,Binger Straße,"['14195', '14197', '14199']"
142,4041344,Rüdesheimer Platz,"['10715', '12161', '12163', '14195', '14197']"
143,4051445,Eisenzahnstraße,"['10707', '10709', '10711', '10713', '14193', '14199']"
144,4051446,Preußenpark,"['10707', '10709', '10713', '10719']"
145,4051447,Ludwigkirchplatz,"['10707', '10713', '10717', '10719']"
146,4030518,Tegeler Weg,['10589']
147,4030519,Kaiserin-Augusta-Allee,"['10553', '10587', '10589', '13627']"
148,4030620,Alt-Lietzow,"['10585', '10587', '10625']"
149,4030621,Spreestadt,"['10553', '10555', '10587', '10623']"
150,4030622,Richard-Wagner-Straße,"['10585', '10587', '10625', '10627']"
151,4030623,Ernst-Reuter-Platz,"['10585', '10587', '10623', '10625', '10719']"
152,4030724,Lietzensee,"['10711', '14055', '14057']"
153,4051551,Brabanter Platz,"['10713', '10715', '14197', '14199']"
154,4051652,Nikolsburger Platz,"['10715', '10717']"
155,4051653,Prager Platz,"['10715', '10717', '10779', '10825']"
156,4051654,Wilhelmsaue,"['10713', '10715']"
157,5010204,Griesingerstraße,['13589']
158,5010205,An der Tränke,['13591']
159,5010206,Gütersloher Weg,"['13583', '13589', '13591']"
160,5010207,Darbystraße,"['13583', '13589']"
161,5010208,Germersheimer Platz,"['13583', '13585', '13589']"
162,5010209,An der Kappe,"['13581', '13583', '13589', '13591']"
163,5010310,Eckschanze,"['13583', '13585']"
164,5010311,Eiswerder,"['13505', '13585', '13587', '13599']"
165,4051448,Schaperstraße,"['10717', '10719', '10777', '10779', '10789']"
166,4051549,Rathaus Wilmersdorf,"['10707', '10713', '10715', '14199']"
167,4051550,Leon-Jessel-Platz,"['10707', '10713', '10715', '10717', '10719']"
168,4051655,Babelsberger Straße,"['10715', '10779', '10825', '12159', '12161']"
169,4051656,Hildegardstraße,"['10713', '10715', '12161', '14197']"
170,5010102,Goltzstraße,['13587']
171,5010103,Amorbacher Weg,"['13583', '13585', '13587', '13589']"
172,5010312,Kurstraße,"['13585', '13597', '13599']"
173,5010313,Ackerstraße,"['13583', '13585']"
174,5010314,Carl-Schurz-Straße,"['13581', '13583', '13585', '13597', '13599']"
175,5010339,Freiheit,"['13597', '13599', '14050', '14052']"
176,5020415,Isenburger Weg,['13591']
177,5020416,Am Heideberg,['13591']
178,5020417,Staakener Straße,"['13581', '13591']"
179,5020523,Maulbeerallee,"['13581', '13591', '13593']"
180,5020524,Weinmeisterhornweg,"['13593', '13595', '14089']"
181,5020625,Borkumer Straße,"['13581', '13595', '13597']"
182,5020626,Adamstraße,"['13581', '13593', '13595', '13597']"
183,5020627,Tiefwerder,"['13581', '13595', '13597', '14055']"
184,5020628,Graetschelsteig,"['13593', '13595']"
185,5020629,Börnicker Straße,"['13595', '13597', '14055', '14089', '14193']"
186,5030730,Zitadellenweg,"['13505', '13585', '13587', '13597', '13599']"
187,5030731,Gartenfelder Straße,"['13599', '13629']"
188,5030832,Rohrdamm,"['13599', '13627', '13629']"
189,5030833,Motardstraße,"['13597', '13599', '13627', '13629', '14050']"
190,5040934,Alt-Gatow,"['13593', '13595', '14089', '14129', '14193']"
191,5040935,Groß-Glienicker Weg,['14089']
192,5040936,Jägerallee,['14089']
193,5040937,Kladower Damm,"['14089', '14109', '14129']"
194,5040938,Kafkastraße,['14089']
195,6010101,Fichtenberg,"['12163', '12165', '12203', '14195']"
196,6010102,Schloßstraße,"['12163', '12165', '12169']"
197,6010103,Markelstraße,"['12161', '12163', '12169', '14195', '14197']"
198,6010204,Munsterdamm,"['12105', '12169']"
199,6010205,Südende,"['12105', '12167', '12169', '12247']"
200,6010206,Stadtpark,"['12167', '12169', '12203', '12247']"
201,6010207,Mittelstraße,"['12165', '12167', '12169', '12203']"
202,5020418,Spandauer Straße,"['13581', '13591']"
203,5020419,Magistratsweg,"['13581', '13591']"
204,5020420,Werkstraße,['13591']
205,5020521,Döberitzer Weg,['13591']
206,5020522,Pillnitzer Weg,"['13591', '13593']"
207,6020301,Alt-Lankwitz,"['12105', '12107', '12247', '12249']"
208,6020302,Komponistenviertel Lankwitz,"['12167', '12207', '12247']"
209,4061757,Forst Grunewald,"['14055', '14089', '14129', '14169', '14193', '14195']"
210,5010101,Hakenfelde Nord,"['13505', '13585', '13587', '13589']"
211,9031202,Schmöckwitz/Rauchfangswerder,"['12527', '12559']"
212,6020411,Schütte-Lanz-Straße,"['12207', '12209', '12249', '12279']"
213,6030501,Berlepschstraße,"['14163', '14165']"
214,6030502,Zehlendorf Süd,"['14165', '14167']"
215,6030503,Zehlendorf Mitte,"['12205', '14163', '14165', '14167', '14169']"
216,6040804,Krumme Lanke,"['14129', '14163', '14169', '14193']"
217,6040808,Hüttenweg,"['14169', '14193', '14195']"
218,6040810,Dahlem,"['12163', '14169', '14195', '14199']"
219,6010208,Bergstraße,"['12157', '12163', '12165', '12167', '12169']"
220,6010209,Feuerbachstraße,"['12157', '12161', '12163', '12169']"
221,6010210,Bismarckstraße,"['12157', '12163', '12169']"
222,6020306,Lankwitz Süd,"['12107', '12209', '12249', '12277', '12279']"
223,6020409,Königsberger Straße,"['12203', '12207', '12209', '12247']"
224,6020303,Lankwitz Kirche,"['12247', '12249']"
225,6020304,Kaiser-Wilhelm-Straße,"['12209', '12247', '12249']"
226,6020305,Gemeindepark Lankwitz,"['12209', '12247', '12249']"
227,6020407,Thermometersiedlung,['12207']
228,6020408,Lichterfelde Süd,"['12207', '14167']"
229,6020410,Oberhofer Platz,"['12207', '12209', '12247', '12249']"
230,6030607,Goerzwerke,"['12203', '12205', '12207', '14167']"
231,6040701,Wannsee,"['14109', '14129']"
232,6040703,Nikolassee,"['14109', '14129', '14163', '14169', '14193']"
233,6040702,Düppel,"['14109', '14129', '14163', '14165']"
234,6040805,Fischerhüttenstraße,"['14163', '14169']"
235,6040806,Fischtal,"['14163', '14169']"
236,6040807,Zehlendorf Eiche,"['14163', '14169', '14195']"
237,6040809,Thielallee,"['12203', '12205', '14169', '14195']"
238,7010101,Wittenbergplatz/Viktoria-Luise-Platz,"['10777', '10779', '10781', '10787', '10789']"
239,7010102,Nollendorfplatz,"['10777', '10779', '10781', '10783', '10785', '10787', '10789']"
240,7010103,Barbarossaplatz,"['10779', '10781', '10783', '10823']"
241,7010104,Dennewitzplatz,"['10781', '10783', '10785', '10823', '10827', '10829', '10965']"
242,7020201,Bayerischer Platz,"['10779', '10781', '10823', '10825']"
243,7020202,Volkspark (Rudolf-Wilde-Park),"['10715', '10823', '10825', '10827', '12159']"
244,7020203,Kaiser-Wilhelm-Platz,"['10781', '10823', '10825', '10827', '10829']"
245,3020203,Blankenfelde,"['13127', '13158', '13159', '13469']"
246,6030504,Teltower Damm,"['14165', '14167']"
247,6030605,Botanischer Garten,"['12165', '12203', '12205', '14169', '14195']"
248,6030606,Hindenburgdamm,"['12165', '12167', '12203', '12207', '12247']"
249,6030608,Schweizer Viertel,"['12205', '12207', '14167']"
250,6030609,Augustaplatz,"['12165', '12203', '12205', '12207']"
251,6030610,Lichterfelde West,"['12203', '12205', '12207', '14167', '14169']"
252,7030302,Ceciliengärten,"['10827', '10829', '12157', '12159', '12161']"
253,7030303,Grazer Platz,"['10827', '10829', '12105', '12157', '12159', '12169']"
254,7040401,Neu-Tempelhof,"['10829', '10965', '12099', '12101', '12103']"
255,7040402,Lindenhofsiedlung,"['10829', '12103', '12105', '12157']"
256,7050505,Hundsteinweg,"['12107', '12109', '12347', '12349']"
257,7050506,Birnhornweg,"['12107', '12277', '12305']"
258,7060601,Marienfelder Allee Nordwest,"['12249', '12277', '12279']"
259,7060602,Kirchstraße,"['12277', '12279']"
260,7060603,Marienfelde Nordost,"['12107', '12249', '12277', '12305', '12307']"
261,7060604,Marienfelde Süd,"['12209', '12277', '12279', '12307']"
262,7020204,Schöneberger Insel,"['10827', '10829', '10965', '12101', '12103']"
263,7030301,Friedenau,"['10715', '10827', '12159', '12161', '12163', '14197']"
264,7040403,Manteuffelstraße,"['10829', '12099', '12103', '12105', '12109']"
265,7040404,Marienhöhe,"['12105', '12169', '12247']"
266,7040405,Rathaus Tempelhof,"['12099', '12109', '12347']"
267,7040406,Germaniagarten,"['12051', '12099', '12347']"
268,7050501,Rathausstraße,"['12099', '12105', '12107', '12109', '12247', '12249']"
269,7050502,Fritz-Werner-Straße,"['12107', '12249', '12277']"
270,7050503,Eisenacher Straße,"['12099', '12107', '12109']"
271,7050504,Imbrosweg,"['12099', '12107', '12109', '12347']"
272,7070707,Wittelsbacherstraße,['12309']
273,8010115,Hasenheide,"['10961', '10965', '10967', '12049', '12051', '12099']"
274,8010116,Wissmannstraße,"['10965', '10967', '12049']"
275,8010117,Schillerpromenade,"['10965', '12049', '12053']"
276,8010118,Silbersteinstraße,"['12049', '12051', '12053', '12099', '12347']"
277,8010211,Flughafenstraße,"['12043', '12049', '12053']"
278,8010212,Rollberg,"['12043', '12049', '12053']"
279,8010213,Körnerpark,"['12043', '12049', '12051', '12053', '12055']"
280,8010214,Glasower Straße,"['12051', '12055', '12057', '12347', '12359']"
281,8010301,Reuterkiez,"['10967', '12043', '12045', '12047', '12059']"
282,8010302,Bouchéstraße,"['10999', '12045', '12059', '12435']"
283,8010303,Donaustraße,"['10967', '12043', '12045', '12047', '12049', '12053']"
284,8010404,Rixdorf,"['12043', '12045', '12053', '12055', '12059']"
285,8010405,Hertzbergplatz,"['12045', '12059']"
286,8010406,Treptower Straße Nord,"['12045', '12057', '12059']"
287,8010407,Gewerbegebiet Ederstraße,"['12057', '12059']"
288,8020620,Tempelhofer Weg,"['12099', '12347', '12349']"
289,8020621,Mohriner Allee Nord,"['12107', '12347', '12349']"
290,8010508,Weiße Siedlung,"['12055', '12057', '12059', '12435']"
291,8010509,Schulenburgpark,"['12057', '12437']"
292,7070701,Kettinger Straße/Schillerstraße,"['12107', '12277', '12305', '12307', '12349']"
293,7070702,Alt-Lichtenrade/Töpchiner Weg,"['12305', '12309', '12349']"
294,7070703,John-Locke-Straße,"['12305', '12307', '12309']"
295,7070704,Nahariyastraße,"['12305', '12309']"
296,7070705,Franziusweg/Rohrbachstraße,"['12277', '12305', '12307']"
297,7070706,Horstwalder Straße/Paplitzer Straße,"['12307', '12309']"
298,8020622,Parchimer Allee,"['12347', '12349', '12351', '12359']"
299,8020623,Ortolanweg,"['12351', '12357', '12359', '12437']"
300,8030830,Gropiusstadt Süd,"['12351', '12353']"
301,8030831,Gropiusstadt Ost,"['12351', '12353', '12355', '12357']"
302,8040932,Goldhähnchenweg,"['12351', '12359']"
303,9010301,Baumschulenstraße,"['12057', '12437', '12439', '12459']"
304,9010401,Johannisthal West,"['12357', '12437', '12487']"
305,8010510,Gewerbegebiet Köllnische Heide,"['12055', '12057', '12059', '12359', '12437']"
306,8020619,Buschkrugallee Nord,"['12051', '12057', '12347', '12359', '12437']"
307,8041040,Waltersdorfer Chaussee Ost,"['12355', '12524']"
308,9010101,Elsenstraße,"['10997', '12045', '12059', '12435']"
309,9020501,Oberschöneweide West,"['10318', '12437', '12439', '12459']"
310,9041601,Müggelheim,"['12527', '12559', '12589']"
311,9051801,Rahnsdorf/Hessenwinkel,"['12559', '12587', '12589']"
312,8020624,Britzer Garten,"['12347', '12349']"
313,8020625,Handwerker-Siedlung,"['12349', '12351', '12359']"
314,8020726,Buckow West,"['12107', '12305', '12309', '12349']"
315,8020727,Buckow Mitte,"['12309', '12349', '12353']"
316,8020728,Buckow Ost,"['12349', '12351', '12353']"
317,8030829,Gropiusstadt Nord,"['12351', '12353', '12359']"
318,9010402,Johannisthal Ost,"['12355', '12357', '12487', '12489']"
319,9020502,Oberschöneweide Ost,"['10318', '12439', '12459', '12555']"
320,9020601,Schnellerstraße,"['12437', '12439', '12459', '12487', '12489', '12555']"
321,8040933,Vogelviertel Süd,"['12351', '12359']"
322,8040934,Vogelviertel Nord,"['12351', '12359']"
323,8041035,Blumenviertel,"['12351', '12353', '12357', '12359']"
324,8041036,Zittauer Straße,"['12353', '12355', '12357']"
325,8041037,Alt-Rudow,"['12355', '12357', '12487', '12489', '12524']"
326,8041038,Waßmannsdorfer Chaussee,"['12355', '12357']"
327,8041039,Frauenviertel,['12355']
328,9020801,Spindlersfeld,"['12439', '12489', '12555', '12557']"
329,9020802,Köllnische Vorstadt,"['12489', '12527', '12555', '12557']"
330,9030901,Dorf Altglienicke,"['12355', '12489', '12524', '12526', '12527']"
331,9030902,Wohngebiet II,['12524']
332,9030903,Kölner Viertel,"['12524', '12526']"
333,9031001,Bohnsdorf,"['12524', '12526', '12527']"
334,9031101,Grünau,"['12489', '12524', '12526', '12527', '12557', '12559']"
335,9010102,Am Treptower Park Nord,"['10245', '12435']"
336,9010201,Am Treptower Park Süd,"['12057', '12059', '12435']"
337,9010202,Köpenicker Landstraße,"['10317', '12057', '12435', '12437', '12459']"
338,9010302,Späthsfelde,"['12057', '12357', '12359', '12437', '12487']"
339,9031201,Karolinenhof,"['12527', '12559']"
340,9041302,Wendenschloß,"['12527', '12557']"
341,9051701,Hirschgarten,"['12555', '12559', '12587']"
342,9051702,Bölschestraße,"['12559', '12587', '12589']"
343,9051901,Dammvorstadt,"['12439', '12459', '12555', '12557', '12559', '12587']"
344,9052001,Köpenick Nord,"['10318', '12459', '12555', '12587', '12621', '12623', '12683']"
345,10010101,Marzahn West,"['12681', '12689', '13057']"
346,10010102,Havemannstraße,"['12679', '12689', '13057']"
347,10010203,Gewerbegebiet Bitterfelder Straße,"['12681', '12689', '13053', '13057']"
348,10010308,Marzahner Chaussee,"['10315', '12681', '12683', '13053']"
349,10010310,Alt-Marzahn,"['12679', '12681', '12683', '12685']"
350,10010311,Landsberger Tor,"['12619', '12629', '12679', '12683', '12685']"
351,10020415,Hellersdorfer Promenade,['12627']
352,10020416,Böhlener Straße,['12627']
353,9020602,Oberspree,"['12439', '12487', '12489']"
354,9020701,Adlershof West,"['12355', '12439', '12487', '12489', '12524']"
355,9020702,Adlershof Ost,"['12439', '12489', '12555', '12557']"
356,11010207,Wartenberg Nord,"['13051', '13059']"
357,11010308,Zingster Straße Ost,"['13051', '13053']"
358,10010204,Wuhletalstraße,"['12679', '12681', '12687', '12689']"
359,10010205,Marzahn Ost,"['12629', '12679', '12689']"
360,10010206,Ringkolonnaden,"['12679', '12681', '12685', '12687']"
361,10010207,Marzahner Promenade,"['12679', '12681']"
362,10010309,Springpfuhl,"['12681', '12683', '12685']"
363,10020412,Alte Hellersdorfer Straße,"['12627', '12629', '12679', '12685']"
364,10020413,Gut Hellersdorf,"['12619', '12627', '12629', '12685']"
365,10020414,Helle Mitte,['12627']
366,10040828,Kaulsdorf Nord,"['12619', '12621', '12623', '12627']"
367,10040829,Alt-Kaulsdorf,"['12619', '12621', '12623', '12683']"
368,10040830,Kaulsdorf Süd,"['12555', '12621', '12623', '12683']"
369,10040931,Mahlsdorf Nord,"['12621', '12623', '12627']"
370,10040932,Alt-Mahlsdorf,"['12621', '12623']"
371,10040933,Mahlsdorf Süd,"['12555', '12621', '12623']"
372,11010101,Dorf Malchow,"['13051', '13088', '13129']"
373,11010102,Dorf Wartenberg,"['13051', '13057', '13059']"
374,11010103,Dorf Falkenberg,"['12681', '12689', '13057', '13059']"
375,11010204,Falkenberg Ost,"['12681', '13057', '13059']"
376,11010205,Falkenberg West,"['12681', '13051', '13053', '13057', '13059']"
377,11010206,Wartenberg Süd,['13059']
378,11020515,Landsberger Allee,"['10365', '10367', '10369', '13053', '13055']"
379,11020516,Weiße Taube,"['10315', '10365', '12681', '13053', '13055']"
380,10020517,Adele-Sandrock-Straße,"['12623', '12627']"
381,10020518,Schleipfuhl,"['12621', '12623', '12627']"
382,10020519,Boulevard Kastanienallee,"['12619', '12621', '12627']"
383,10020620,Kaulsdorf Nord II,"['12619', '12629', '12685']"
384,10020621,Gelbes Viertel,"['12619', '12621']"
385,10020622,Kaulsdorf Nord I,"['12619', '12621', '12683']"
386,10020623,Rotes Viertel,"['12619', '12621']"
387,10030724,Oberfeldstraße,"['12681', '12683', '12685']"
388,10030725,Buckower Ring,"['12619', '12683']"
389,10030726,Alt-Biesdorf,"['10319', '12619', '12683']"
390,10030727,Biesdorf Süd,"['10318', '10319', '12555', '12621', '12683']"
391,12214422,Klixstraße,"['13403', '13405', '13509']"
392,12214423,Mellerbogen,['13403']
393,12214424,Scharnweberstraße,"['13349', '13403', '13405']"
394,12214527,Alt-Tegel,"['13503', '13505', '13507', '13509']"
395,12224229,Konradshöhe/Tegelort,"['13505', '13587']"
396,12224230,Heiligensee,"['13503', '13505']"
397,12231102,Frohnau,"['13465', '13467', '13503']"
398,12301203,Wittenau Süd,"['13403', '13407', '13435', '13437', '13439', '13509']"
399,12301204,Wittenau Nord,"['13435', '13437', '13469', '13509']"
400,12301205,Waidmannslust,"['13437', '13467', '13469', '13509']"
401,12302107,Schorfheidestraße,"['13435', '13439']"
402,12302211,Lübarser Straße,"['13435', '13437', '13469']"
403,12304314,Ziekowstraße/Freie Scholle,"['13437', '13467', '13469', '13503', '13507', '13509']"
404,12302108,Märkisches Zentrum,"['13435', '13439', '13469']"
405,12302109,Treuenbrietzener Straße,"['13158', '13435', '13439']"
406,9041403,Allende II,"['12557', '12559', '12587']"
407,12302110,Dannenwalder Weg,"['13158', '13435', '13437', '13439']"
408,12302212,Rollbergesiedlung,"['13435', '13437', '13469']"
409,12304313,Borsigwalde,"['13403', '13437', '13507', '13509']"
410,9041501,Altstadt Kietz,"['12555', '12557', '12559']"
411,9041402,Siedlung Kämmereiheide,"['12559', '12587']"
412,11010309,Zingster Straße West,"['13051', '13088']"
413,11010310,Mühlengrund,"['12681', '13051', '13053', '13057', '13059']"
414,11020411,Malchower Weg,"['13051', '13053', '13088']"
415,11020412,Hauptstraße,"['12681', '13053', '13055']"
416,9041401,Allende I,"['12555', '12559']"
417,11020513,Orankesee,"['10369', '13053', '13055', '13088']"
418,11020514,Große-Leege-Straße,"['13053', '13055']"
419,11030617,Hohenschönhausener Straße,"['10369', '10407', '13053', '13055']"
420,11030618,Fennpfuhl West,"['10249', '10367', '10369', '10407']"
421,11030619,Fennpfuhl Ost,"['10365', '10367', '10369']"
422,11030720,Herzbergstraße,"['10315', '10365', '10367', '12681', '13055']"
423,11030721,Rüdigerstraße,"['10247', '10249', '10315', '10317', '10365', '10367', '10369']"
424,11030824,Frankfurter Allee Süd,"['10245', '10247', '10317', '10365']"
425,11040925,Victoriastadt,"['10245', '10317', '10365']"
426,11040926,Weitlingstraße,"['10315', '10317', '10319']"
427,11041022,Rosenfelder Ring,"['10315', '10317', '10365', '12681']"
428,11041023,Gensinger Straße,"['10315', '10319', '12681', '12683']"
429,11041027,Tierpark,"['10315', '10318', '10319', '12683']"
430,11041128,Sewanstraße,"['10315', '10317', '10318', '10319']"
431,11051229,Rummelsburg,"['10245', '10317', '10318', '10319', '12435', '12437', '12459']"
432,11051330,Karlshorst West,"['10317', '10318', '10319']"
433,12214125,Waldidyll/Flughafensee,"['13403', '13405', '13507', '13509', '13599', '13627', '13629']"
434,12214528,Tegeler Forst,"['13465', '13467', '13503', '13505', '13507', '13587', '13599']"
435,12231101,Hermsdorf,"['13465', '13467', '13469', '13503', '13509']"
436,12301206,Lübars,"['13158', '13159', '13435', '13439', '13467', '13469']"
437,9041301,Kietzer Feld/Nachtheide,"['12527', '12555', '12557', '12559', '12589']"
438,11051331,Karlshorst Nord,"['10318', '12459', '12555', '12683']"
439,11051332,Karlshorst Süd,"['10317', '10318', '12459']"
440,12103115,Breitkopfbecken,"['13407', '13409']"
441,12103116,Hausotterplatz,"['13156', '13158', '13187', '13359', '13407', '13409']"
442,12103117,Letteplatz,"['13349', '13359', '13407', '13409']"
443,12103218,Teichstraße,"['13158', '13403', '13405', '13407', '13409', '13437']"
444,12103219,Schäfersee,"['13349', '13403', '13405', '13407', '13409']"
445,12103220,Humboldtstraße,"['13403', '13407', '13437']"
446,12214126,Tegel Süd,['13507']
447,12214421,Reinickes Hof,"['13403', '13407', '13437']"
